tag,indie_count,non_indie_count,indie_share,non_indie_share,lift
Short,1504.0,110.0,0.023018059381695745,0.004530850976192438,5.0802949606255385
GameMaker,148.0,16.0,0.00226507499234772,0.0006590328692643545,3.4369681665136214
Experimental,1003.0,113.0,0.015350474441383532,0.004654419639179504,3.2980426414859236
Difficult,4980.0,600.0,0.07621671258034894,0.024713732597413295,3.0839822467095197
Time Attack,261.0,34.0,0.003994490358126722,0.0014004448471867535,2.8523010857235453
Touch-Friendly,206.0,27.0,0.00315273951637588,0.0011121179668835983,2.8348966658730967
Fast-Paced,1476.0,195.0,0.022589531680440773,0.00803196309415932,2.8124546160909802
Metroidvania,1003.0,134.0,0.015350474441383532,0.005519400280088969,2.7811852125963386
Precision Platformer,1714.0,229.0,0.02623201714110805,0.009432407941346074,2.781052018130224
Puzzle-Platformer,3023.0,409.0,0.04626568717477808,0.016846527720570062,2.746304042125336
Abstract,1599.0,220.0,0.024471992653810837,0.009061701952384876,2.7005956256782704
Twin Stick Shooter,915.0,127.0,0.014003673094582185,0.005231073399785814,2.677017129057215
Sokoban,486.0,69.0,0.00743801652892562,0.002842079248702529,2.617103844771829
Platformer,6636.0,955.0,0.10156106519742883,0.03933602438421616,2.581884335982384
Walking Simulator,2473.0,361.0,0.03784817875726967,0.014869429112777,2.5453686533767117
Perma Death,1372.0,201.0,0.020997857361493726,0.008279100420133453,2.53624866180271
Side Scroller,3286.0,490.0,0.05029078665442302,0.02018288162122086,2.491754527338943
Philosophical,675.0,102.0,0.010330578512396695,0.00420133454156026,2.4588802463134014
Minimalist,4102.0,623.0,0.06277930823385369,0.025661092346980805,2.4464784033731943
Party Game,321.0,50.0,0.004912764003673095,0.002059477716451108,2.3854416896235078
Surreal,2159.0,342.0,0.033042546678910316,0.014086827580525579,2.345634351668376
Kickstarter,154.0,25.0,0.0023569023569023568,0.001029738858225554,2.2888350168350167
Psychedelic,1179.0,194.0,0.018044077134986226,0.0079907735398303,2.2581139416659566
Spaceships,115.0,19.0,0.0017600244872972145,0.0007826015322514211,2.24894076329483
Soundtrack,661.0,111.0,0.010116314661769207,0.0045720405305214595,2.212647633859755
Rogue-lite,3318.0,559.0,0.050780532598714415,0.023024960869923387,2.205455761058298
Rogue-like,3577.0,603.0,0.05474441383532293,0.024837301260400364,2.204120860852355
Psychological,1420.0,242.0,0.021732476277930825,0.009967872147623362,2.180252310229771
Mouse only,425.0,73.0,0.006504438322620141,0.003006837466018618,2.163215802692764
Bullet Hell,2569.0,456.0,0.039317416590143865,0.018782436774034104,2.093307543805949
Roguelike Deckbuilder,296.0,54.0,0.00453014998469544,0.0022242359337671966,2.0367218764525163
Thriller,1467.0,268.0,0.022451790633608814,0.011038800560177938,2.0338976604580403
Underground,401.0,75.0,0.0061371288644015915,0.003089216574676662,1.9866295275992245
Psychological Horror,4373.0,818.0,0.06692684419957147,0.033693055441140124,1.9863690996053744
Action Roguelike,2466.0,463.0,0.03774104683195592,0.01907076365433726,1.9790002915469243
Bullet Time,491.0,93.0,0.007514539332721151,0.0038306285525990607,1.961698773331227
Runner,1165.0,222.0,0.017829813284358738,0.009144081061042919,1.949874805935412
Blood,388.0,74.0,0.005938169574533211,0.00304802702034764,1.948201093655639
Lovecraftian,591.0,113.0,0.009044995408631773,0.004654419639179504,1.9433132613341784
Pixel Graphics,9909.0,1906.0,0.15165289256198347,0.07850729055111624,1.9317045779747295
Top-Down Shooter,1847.0,358.0,0.028267523722069178,0.014745860449789934,1.9169802819117192
Replay Value,1754.0,341.0,0.0268441995714723,0.014045638026196556,1.9112125430973739
Stylized,5019.0,978.0,0.07681359044995409,0.04028338413378367,1.906830622642112
Idler,1066.0,208.0,0.016314661769207223,0.008567427300436609,1.9042661463116008
Music,876.0,174.0,0.013406795224977043,0.007166982453249856,1.8706331866206474
Open World Survival Craft,437.0,87.0,0.006688093051729415,0.003583491226624928,1.8663623345963993
Traditional Roguelike,255.0,51.0,0.0039026629935720843,0.00210066727078013,1.8578206305479033
Procedural Generation,2677.0,538.0,0.040970309152127335,0.02215998022901392,1.8488423152329878
Parody,485.0,98.0,0.007422711968166513,0.0040365763242441715,1.8388632771749656
Survival Horror,2567.0,521.0,0.03928680746862565,0.021459757805420546,1.8307199841138073
Puzzle,11569.0,2354.0,0.1770584634220998,0.09696021089051816,1.826094042039821
Nonlinear,1036.0,211.0,0.015855524946434038,0.008690995963423676,1.8243622495238179
Horror,6932.0,1415.0,0.10609121518212428,0.05828321937556635,1.8202703337043205
Roguevania,107.0,22.0,0.001637588001224365,0.0009061701952384875,1.8071527951693243
Voxel,465.0,96.0,0.007116620752984389,0.0039541972155861275,1.7997637358432812
Addictive,304.0,63.0,0.004652586470768289,0.002594941922728396,1.7929443545605162
Hand-drawn,3064.0,638.0,0.04689317416590144,0.02627893566191614,1.784439627585823
Narrative,288.0,60.0,0.004407713498622589,0.00247137325974133,1.7835078053259867
2D Platformer,4454.0,928.0,0.06816651362105908,0.038223906417332566,1.7833476483750779
Hacking,301.0,63.0,0.0046066727884909705,0.002594941922728396,1.7752508247457741
Cozy,453.0,95.0,0.006932966023875115,0.003913007661257105,1.7717742013435795
4 Player Local,1155.0,245.0,0.017676767676767676,0.01009144081061043,1.7516594516594515
Outbreak Sim,127.0,27.0,0.001943679216406489,0.0011121179668835983,1.7477275561450647
Shoot 'Em Up,2569.0,557.0,0.039317416590143865,0.022942581761265343,1.7137311310152832
Music-Based Procedural Generation,173.0,38.0,0.002647689011325375,0.0015652030645028421,1.6915945741304592
Supernatural,1185.0,262.0,0.018135904499540865,0.010791663234203806,1.6805476696177601
Level Editor,903.0,202.0,0.01382001836547291,0.008320289974462476,1.6610020092918383
Time Manipulation,421.0,95.0,0.006443220079583716,0.003913007661257105,1.6466157588645627
RPGMaker,1241.0,282.0,0.018992959902050813,0.011615454320784249,1.6351456755389704
Dark Comedy,632.0,144.0,0.009672482399755126,0.005931295823379191,1.6307536645920484
Mining,351.0,80.0,0.005371900826446281,0.0032951643463217726,1.6302376033057853
Mystery Dungeon,552.0,126.0,0.00844811753902663,0.005189883845456792,1.627804742956258
Survival,4644.0,1066.0,0.07107438016528926,0.04390806491473762,1.6187090071790737
Early Access,7449.0,1738.0,0.11400367309458219,0.07158744542384052,1.5925093068988874
Interactive Fiction,2228.0,522.0,0.034098561371288645,0.021500947359749566,1.585909718337444
Creature Collector,631.0,148.0,0.009657177838996021,0.00609605404069528,1.5841686728050366
Relaxing,6193.0,1453.0,0.09478114478114479,0.0598484224400692,1.5836866022000227
Parkour,866.0,204.0,0.013253749617385981,0.00840266908312052,1.5773261431906709
Dark,4130.0,976.0,0.06320783593510866,0.04020100502512563,1.572294918885828
Rhythm,754.0,179.0,0.011539638812366085,0.007372930224894967,1.565136039590077
Faith,286.0,68.0,0.004377104377104377,0.002800889694373507,1.562755000990295
Conversation,1137.0,271.0,0.017401285583103766,0.011162369223165006,1.5589240272568015
Unforgiving,134.0,32.0,0.002050811141720233,0.001318065738528709,1.5559247780838692
Cats,829.0,198.0,0.01268748086929905,0.008155531757146388,1.555690204771931
Memes,1214.0,290.0,0.018579736761554944,0.011944970755416427,1.555444307231141
2D,18311.0,4384.0,0.2802418120599939,0.18057500617843314,1.5519413123158148
Exploration,8902.0,2151.0,0.1362411998775635,0.08859873136172666,1.5377330779300264
Party,240.0,58.0,0.0036730945821854912,0.0023889941510832854,1.5375067287292992
Escape Room,302.0,73.0,0.004621977349250076,0.003006837466018618,1.5371556997957991
Score Attack,2038.0,493.0,0.031190694827058465,0.020306450284207925,1.5359993691913294
Funny,6796.0,1644.0,0.10400979491888583,0.06771562731691243,1.5359791977133275
Arcade,7942.0,1924.0,0.12154882154882155,0.07924870252903864,1.5337641837641838
Arena Shooter,1211.0,294.0,0.018533823079277624,0.012109728972732514,1.5304903289751774
3D Platformer,2670.0,649.0,0.04086317722681359,0.02673202075953538,1.528622830065609
Dark Humor,1291.0,315.0,0.01975818794000612,0.01297470961364198,1.5228231327221227
Clicker,1534.0,377.0,0.02347719620446893,0.015528461982041355,1.5118816165838107
Atmospheric,11060.0,2720.0,0.16926844199571472,0.11203558777494027,1.5108453069014567
Cooking,435.0,107.0,0.006657483930211203,0.004407282313205371,1.510564437922127
Retro,6367.0,1573.0,0.09744413835322926,0.06479116895955185,1.5039725307944694
Loot,898.0,222.0,0.01374349556167738,0.009144081061042919,1.5029936272360516
Souls-like,853.0,211.0,0.0130547903275176,0.008690995963423676,1.5021052112392053
Physics,3868.0,957.0,0.059198041016222835,0.039418403492874204,1.5017868754355883
Demons,1256.0,311.0,0.019222528313437404,0.012809951396325892,1.5005933839023577
Logic,2863.0,711.0,0.04381695745332109,0.029285773127934754,1.4961857848828826
Steampunk,362.0,90.0,0.005540250994796449,0.0037070598896119943,1.4945134850185355
Automation,579.0,144.0,0.008861340679522498,0.005931295823379191,1.4939974237322722
Top-Down,4988.0,1243.0,0.0763391490664218,0.051198616030974545,1.4910393089578344
Programming,323.0,81.0,0.004943373125191307,0.003336353900650795,1.481669293004871
Character Action Game,437.0,110.0,0.006688093051729415,0.004530850976192438,1.4761229373626066
Casual,25390.0,6442.0,0.3885827976737068,0.26534310898756075,1.464454076672191
Collectathon,1131.0,287.0,0.017309458218549127,0.01182140209242936,1.4642474795468143
Linear,4017.0,1022.0,0.06147842056932966,0.04209572452426065,1.4604433410784592
Noir,558.0,142.0,0.008539944903581268,0.005848916714721147,1.4600900166841269
Dynamic Narration,304.0,78.0,0.004652586470768289,0.0032127852376637287,1.4481473632988784
Conspiracy,397.0,102.0,0.006075910621365167,0.00420133454156026,1.4461858633872895
Typing,262.0,68.0,0.004009794918885828,0.002800889694373507,1.4316147211869137
Robots,1294.0,337.0,0.01980410162228344,0.013880879808880468,1.4267180391269951
Beautiful,492.0,129.0,0.007529843893480257,0.005313452508443859,1.4171282949295634
Tower Defense,1390.0,365.0,0.021273339455157636,0.01503418733009309,1.414997630937855
LGBTQ+,1053.0,277.0,0.016115702479338842,0.011409506549139138,1.4124802339111495
Multiple Endings,3542.0,932.0,0.054208754208754206,0.038388664634648656,1.4121031487984277
Farming Sim,554.0,146.0,0.008478726660544842,0.006013674932037236,1.4099077114021072
Cute,8389.0,2218.0,0.12838996020814203,0.09135843150177116,1.405343306552422
Space,2990.0,795.0,0.04576063666972758,0.03274569569157262,1.3974550151794292
Capitalism,545.0,145.0,0.008340985613712886,0.005972485377708213,1.3965686119291134
Cartoony,4045.0,1082.0,0.061906948270584634,0.044567097784001974,1.3890729113800868
Dungeon Crawler,1893.0,507.0,0.028971533516988064,0.020883104044814235,1.3873193110955349
Local Co-Op,1866.0,502.0,0.028558310376492195,0.020677156273169125,1.381152707809716
Colorful,9312.0,2521.0,0.14251606978879705,0.10383886646346487,1.3724732813694625
Mystery,4128.0,1118.0,0.06317722681359045,0.046049921739846775,1.37192908101999
Action,25424.0,6891.0,0.3891031527395164,0.2838372188812917,1.3708672677710025
Nature,1862.0,505.0,0.02849709213345577,0.02080072493615619,1.3700047580515626
Action-Adventure,6321.0,1715.0,0.09674012855831038,0.070640085674273,1.3694792076610258
2D Fighter,784.0,213.0,0.01199877563513927,0.00877337507208172,1.367635093285968
Illuminati,215.0,59.0,0.003290480563207836,0.0024301837054123074,1.3540048663315227
Western,251.0,69.0,0.0038414447505356595,0.002842079248702529,1.3516318210652862
Text-Based,1684.0,463.0,0.025772880318334863,0.01907076365433726,1.3514341001480212
Spelling,149.0,41.0,0.002280379553106826,0.0016887717274899085,1.3503184095201834
Narration,1377.0,379.0,0.021074380165289255,0.015610841090699398,1.349983645522144
Word Game,566.0,157.0,0.008662381389654117,0.006466760029656479,1.3395241743823099
Wholesome,328.0,91.0,0.005019895928986838,0.0037482494439410167,1.3392641029004664
Controller,4845.0,1346.0,0.07415059687786961,0.055441140126863825,1.3374652236262397
Crafting,2151.0,599.0,0.032920110192837464,0.024672543043084274,1.3342811940930015
Deckbuilding,810.0,226.0,0.012396694214876033,0.009308839278359009,1.3317121334015942
Cyberpunk,1219.0,344.0,0.018656259565350473,0.014169206689183624,1.3166763654871476
Adventure,23996.0,6776.0,0.3672482399755127,0.27910042013345415,1.3158283308921928
Trivia,226.0,64.0,0.0034588307315580043,0.002636131477057418,1.3120858203244568
Building,2711.0,769.0,0.04149066421793694,0.031674767279018044,1.3098964185735669
Sandbox,3099.0,880.0,0.047428833792470156,0.036246807809539504,1.3084968486518072
Colony Sim,489.0,139.0,0.007483930211202939,0.0057253480517340805,1.3071572494070858
Family Friendly,5908.0,1681.0,0.09041934496479952,0.06923964082708625,1.3058898614249868
Space Sim,599.0,171.0,0.009167431894704621,0.007043413790262789,1.301560886196718
Dystopian,816.0,234.0,0.01248852157943067,0.009638355712991185,1.2957107987411018
Underwater,317.0,91.0,0.00485154576063667,0.0037482494439410167,1.2943497579861216
2.5D,1406.0,404.0,0.021518212427303337,0.01664057994892495,1.293116735916016
Zombies,1915.0,552.0,0.0293082338536884,0.022736633989620232,1.2890313432968243
Co-op Campaign,357.0,103.0,0.005463728191000918,0.004242524095889283,1.2878484759332067
Time Travel,308.0,89.0,0.0047138047138047135,0.0036658703352829723,1.2858623690084363
1980s,1484.0,430.0,0.02271196816651362,0.017711508361479528,1.2823282863874832
Cartoon,2384.0,692.0,0.036486072849709214,0.028503171595683333,1.2800706309902317
Aliens,1263.0,367.0,0.01932966023875115,0.015116566438751132,1.2787070606986388
Gun Customization,409.0,119.0,0.006259565350474441,0.004901556965153637,1.2770565342757856
Grid-Based Movement,812.0,238.0,0.012427303336394245,0.009803113930307274,1.267689371432687
God Game,394.0,116.0,0.006029996939087848,0.004777988302166571,1.2620367731652997
Fishing,282.0,84.0,0.004315886134067953,0.0034599225636378615,1.2473938519393066
Satire,355.0,106.0,0.005433119069482706,0.004366092758876349,1.2443892902726523
Comedy,3918.0,1175.0,0.05996326905417815,0.04839772633660104,1.23896872008284
Card Battler,643.0,193.0,0.009840832568105296,0.007949583985501277,1.2379053527899502
Life Sim,1321.0,397.0,0.020217324762779307,0.016352253068621796,1.2363632508583275
Old School,2856.0,860.0,0.04370982552800735,0.035423016722959055,1.2339385397313516
Stealth,1462.0,442.0,0.022375267829813285,0.018205783013427793,1.2290198017470746
Sci-fi,5534.0,1677.0,0.08469543924089379,0.06907488260977017,1.2261394596842095
Great Soundtrack,2989.0,908.0,0.04574533210896847,0.03740011533075212,1.2231334503761417
Lore-Rich,985.0,300.0,0.015074992347719621,0.012356866298706647,1.2199688807264566
Dog,354.0,108.0,0.0054178145087236,0.004448471867534393,1.2179046355814034
Post-apocalyptic,1665.0,508.0,0.025482093663911846,0.020924293599143256,1.2178233660875037
Choices Matter,3742.0,1144.0,0.05726966636057545,0.047120850152401354,1.2153784614528416
Archery,194.0,60.0,0.0029690847872666055,0.00247137325974133,1.2013906744209775
Experience,145.0,45.0,0.002219161310070401,0.0018535299448059971,1.197262184130871
Emotional,1849.0,574.0,0.028298132843587388,0.02364280418485872,1.1969025595411404
Dark Fantasy,1931.0,602.0,0.029553106825834098,0.02479611170607134,1.191844397869768
First-Person,7955.0,2489.0,0.12174778083868992,0.10252080072493616,1.1875422351151923
Quick-Time Events,369.0,116.0,0.005647382920110193,0.004777988302166571,1.1819582977106489
Choose Your Own Adventure,2119.0,669.0,0.03243036424854607,0.027555811846115826,1.1768974338209288
Beat 'em up,940.0,297.0,0.014386287113559841,0.012233297635719582,1.1759942038485045
Villain Protagonist,161.0,51.0,0.0024640342822161002,0.00210066727078013,1.1729769471302447
Split Screen,508.0,162.0,0.007774716865625956,0.00667270780130159,1.1651517040967097
Gore,2832.0,906.0,0.0433425160697888,0.037317736222094076,1.1614454802895502
Mythology,672.0,215.0,0.010284664830119375,0.008855754180739764,1.1613539197471545
Science,524.0,168.0,0.008019589837771656,0.006919845127275723,1.1589262028655969
RPG,10356.0,3326.0,0.15849403122130395,0.13699645769832772,1.1569206524325968
Trading Card Game,233.0,75.0,0.0035659626568717477,0.003089216574676662,1.1543258851137639
Isometric,1512.0,487.0,0.023140495867768594,0.02005931295823379,1.1536036112478152
Comic Book,899.0,290.0,0.013758800122436486,0.011944970755416427,1.1518487909397
Looter Shooter,348.0,113.0,0.005325987144168962,0.004654419639179504,1.1442859812932218
Farming,126.0,41.0,0.001928374655647383,0.0016887717274899085,1.1418799973123699
Agriculture,411.0,134.0,0.006290174471992654,0.005519400280088969,1.1396481778435645
Base-Building,1587.0,520.0,0.024288337924701562,0.02141856825109152,1.1339851310305857
Female Protagonist,4871.0,1603.0,0.07454851545760637,0.06602685558942252,1.129063542283074
Snow,218.0,72.0,0.0033363942454851547,0.0029656479116895954,1.1250136040540082
Werewolves,121.0,40.0,0.001851851851851852,0.0016475821731608863,1.1239814814814815
Destruction,707.0,234.0,0.010820324456688093,0.009638355712991185,1.122631782732793
Investigation,1449.0,484.0,0.022176308539944904,0.019935744295246725,1.112389294902443
Local Multiplayer,2293.0,766.0,0.03509335782063055,0.03155119861603097,1.1122670250251547
Shooter,5888.0,1968.0,0.09011325374961739,0.08106104291951562,1.1116715317750054
Hero Shooter,409.0,138.0,0.006259565350474441,0.005684158497405058,1.1012299099914382
3D,11176.0,3774.0,0.17104377104377105,0.15544937803772962,1.1003181434553986
Singleplayer,31891.0,10832.0,0.48807774716865626,0.44616525249196803,1.0939393967651991
Futuristic,2195.0,750.0,0.03359351086623814,0.03089216574676662,1.0874443424140394
Story Rich,8418.0,2878.0,0.1288337924701561,0.11854353735892578,1.0868057031238534
3D Vision,464.0,159.0,0.007101316192225283,0.006549139138314524,1.0843129214770153
Mars,134.0,46.0,0.002050811141720233,0.0018947194991350193,1.0823824543192133
Hack and Slash,1922.0,661.0,0.029415365779002143,0.027226295411483647,1.0804027993685539
Strategy,11500.0,3965.0,0.17600244872972146,0.16331658291457288,1.0776765322219868
Tutorial,976.0,337.0,0.014937251300887664,0.013880879808880468,1.0761026322936222
Drama,2061.0,712.0,0.031542699724517904,0.02932696268226378,1.0755528987525922
Time Management,1213.0,420.0,0.018564432200795837,0.017299612818189307,1.0731125832640984
On-Rails Shooter,199.0,69.0,0.0030456075910621364,0.002842079248702529,1.0716124796493702
Inventory Management,746.0,260.0,0.011417202326293235,0.01070928412554576,1.0661032233759506
Violent,3221.0,1125.0,0.04929599020508112,0.04633824862014993,1.0638293779546306
Gothic,366.0,129.0,0.0056014692378328745,0.005313452508443859,1.0542051950085778
Political,340.0,120.0,0.005203550658096113,0.00494274651948266,1.052765023977145
Artificial Intelligence,824.0,292.0,0.01261095806550352,0.012027349864074471,1.048523424364022
Auto Battler,409.0,145.0,0.006259565350474441,0.005972485377708213,1.0480670867504722
Competitive,691.0,245.0,0.010575451484542394,0.01009144081061043,1.0479624944560009
Fantasy,7156.0,2548.0,0.10951943679216407,0.10495098443034846,1.043529390282637
Spectacle fighter,415.0,148.0,0.0063513927150290785,0.00609605404069528,1.0418858941586213
Modern,819.0,296.0,0.012534435261707989,0.01219210808139056,1.028077767850495
Point & Click,3415.0,1247.0,0.05226507499234772,0.051363374248290634,1.0175553253121234
Swordplay,490.0,179.0,0.007499234771962045,0.007372930224894967,1.0171308480094665
Resource Management,1923.0,703.0,0.02943067033976125,0.028956256693302578,1.0163838044220819
Medieval,2169.0,796.0,0.033195592286501374,0.03278688524590164,1.0124655647382919
Visual Novel,3688.0,1362.0,0.05644322007958372,0.056100172996128184,1.0061149024171316
PvE,3109.0,1155.0,0.04758187940006122,0.04757393525002059,1.0001669853460489
Turn-Based,1371.0,513.0,0.02098255280073462,0.02113024137078837,0.9930105592519202
Combat,4554.0,1705.0,0.0696969696969697,0.07022819013098278,0.9924357948991381
Realistic,3723.0,1395.0,0.05697887970615243,0.05745942828898591,0.9916367322623432
Fighting,755.0,283.0,0.011554943373125192,0.011656643875113271,0.9912753187729095
Dinosaurs,256.0,96.0,0.003917967554331191,0.0039541972155861275,0.9908376696255484
Immersive Sim,2010.0,758.0,0.03076216712580349,0.031221682181398796,0.9852821813723709
Simulation,11363.0,4300.0,0.1739057239057239,0.17711508361479528,0.9818798058100384
Card Game,1358.0,514.0,0.020783593510866238,0.02117143092511739,0.9816810958303707
3D Fighter,509.0,193.0,0.007790021426385063,0.007949583985501277,0.9799281875117956
Magic,2485.0,943.0,0.03803183348637894,0.038841749732267894,0.9791483068741336
Free to Play,2975.0,1140.0,0.04553106825834099,0.046956091935085265,0.9696519957684232
Cinematic,1243.0,480.0,0.019023569023569022,0.01977098607793064,0.9621962682379348
Golf,124.0,48.0,0.0018977655341291704,0.0019770986077930638,0.9598739924497499
FPS,3339.0,1295.0,0.051101928374655645,0.0533404728560837,0.9580329089419998
Action RPG,2509.0,977.0,0.03839914294459749,0.04024219457945465,0.9542010157716866
Economy,1127.0,441.0,0.017248239975512704,0.018164593459098773,0.949552766724484
Crime,661.0,260.0,0.010116314661769207,0.01070928412554576,0.9446303359939724
Vampire,275.0,109.0,0.004208754208754209,0.0044896614218634156,0.9374324282581163
Immersive,234.0,93.0,0.003581267217630854,0.0038306285525990607,0.9349032850499126
City Builder,967.0,386.0,0.014799510254055709,0.015899167971002555,0.9308355179999079
Management,2495.0,1003.0,0.03818487909397,0.041313122992009225,0.9242796556763746
Transhumanism,104.0,42.0,0.0015916743189470462,0.0017299612818189307,0.9200635503665807
Alternate History,670.0,272.0,0.010254055708601164,0.011203558777494028,0.9152498694610994
Trading,341.0,139.0,0.005218855218855219,0.0057253480517340805,0.9115350144127122
Hunting,278.0,114.0,0.004254667891031527,0.004695609193508526,0.9060949741970477
Detective,1286.0,528.0,0.019681665136210592,0.0217480846857237,0.9049838374562893
Flight,935.0,384.0,0.01430976430976431,0.01581678886234451,0.9047199424803591
CRPG,661.0,272.0,0.010116314661769207,0.011203558777494028,0.9029554682295323
Jet,106.0,44.0,0.0016222834404652586,0.001812340390476975,0.8951317583548989
Martial Arts,346.0,144.0,0.00529537802265075,0.005931295823379191,0.8927860252355202
Battle Royale,335.0,140.0,0.005127027854300582,0.005766537606063102,0.8890998731907824
Match 3,652.0,273.0,0.009978573614937251,0.01124474833182305,0.8873985722470571
Minigames,228.0,96.0,0.003489439853076217,0.0039541972155861275,0.882464799510254
Ninja,320.0,135.0,0.004897459442913988,0.005560589834417992,0.8807445952227096
Transportation,243.0,103.0,0.00371900826446281,0.004242524095889283,0.8766027441226029
Character Customization,2522.0,1069.0,0.03859810223446587,0.04403163357772469,0.8765993695494504
Racing,2022.0,860.0,0.030945821854912764,0.035423016722959055,0.8736077476669444
Otome,277.0,118.0,0.004239363330272421,0.004860367410824615,0.8722310417996088
Third Person,4190.0,1787.0,0.06412610958065504,0.0736057335859626,0.871210793732033
Dragons,417.0,179.0,0.0063820018365472915,0.007372930224894967,0.8655991094284644
Combat Racing,385.0,167.0,0.005892255892255892,0.0068786555729467005,0.8565999314502308
1990's,1827.0,793.0,0.02796143250688705,0.032663316582914576,0.856050010595465
Co-op,3195.0,1389.0,0.048898071625344354,0.05721229096301178,0.8546777414831607
Episodic,108.0,47.0,0.001652892561983471,0.0019359090534640416,0.8538069280815895
Tabletop,1096.0,479.0,0.01677379859198041,0.019729796523601614,0.8501759545221302
Team-Based,703.0,309.0,0.010759106213651668,0.012727572287667847,0.8453384487217968
Real-Time,261.0,115.0,0.003994490358126722,0.004736798747837548,0.8432890166487005
Open World,3611.0,1608.0,0.055264768901132535,0.06623280336106763,0.8344017782224477
Assassin,220.0,98.0,0.003367003367003367,0.0040365763242441715,0.8341235484092627
Strategy RPG,999.0,446.0,0.015289256198347107,0.018370541230743883,0.8322703183485899
Pirates,309.0,138.0,0.00472910927456382,0.005684158497405058,0.8319805432453654
Online Co-Op,1876.0,841.0,0.028711355984083257,0.03464041519070764,0.828839834223036
Board Game,1172.0,526.0,0.017936945209672484,0.021665705577065656,0.8278957334608907
Boomer Shooter,207.0,93.0,0.0031680440771349864,0.0038306285525990607,0.8270298290826151
Foreign,138.0,62.0,0.0021120293847566576,0.002553752368399374,0.8270298290826151
Anime,4921.0,2250.0,0.07531374349556168,0.09267649724029986,0.812652028704554
Moddable,542.0,249.0,0.008295071931435569,0.010256199027926518,0.8087861700859146
Action RTS,263.0,121.0,0.004025099479644934,0.004983936073811681,0.8076145881555348
Hidden Object,2571.0,1206.0,0.03934802571166208,0.04967460252080073,0.7921155623778872
6DOF,395.0,186.0,0.006045301499846954,0.007661257105198121,0.7890743538348621
Turn-Based Combat,1936.0,914.0,0.02962962962962963,0.037647252656726256,0.787032984844801
Third-Person Shooter,1114.0,527.0,0.017049280685644323,0.021706895131394677,0.7854315682847683
Real Time Tactics,963.0,456.0,0.014738292011019285,0.018782436774034104,0.7846847663235224
Class-Based,384.0,182.0,0.005876951331496786,0.007496498887882033,0.7839594748685658
Asynchronous Multiplayer,201.0,96.0,0.003076216712580349,0.0039541972155861275,0.7779623890419345
Tactical RPG,815.0,391.0,0.012473217018671564,0.016105115742647665,0.7744878843460569
Politics,225.0,108.0,0.003443526170798898,0.004448471867534393,0.7740919293949597
Tactical,2312.0,1110.0,0.035384144475053565,0.045720405305214595,0.7739245581669825
Nudity,1797.0,867.0,0.027502295684113866,0.03571134360326221,0.7701277215904457
PvP,2855.0,1379.0,0.04369452096724824,0.05680039541972156,0.7692643800165719
Vehicular Combat,421.0,204.0,0.006443220079583716,0.00840266908312052,0.7668063582947718
Dating Sim,1154.0,560.0,0.01766146311600857,0.023066150424252408,0.7656875027329573
Mechs,361.0,176.0,0.005524946434037343,0.0072493615619079,0.7621286904861285
Turn-Based Tactics,1799.0,880.0,0.02753290480563208,0.036246807809539504,0.7595952987171994
Political Sim,231.0,113.0,0.0035353535353535356,0.004654419639179504,0.7595691427549834
Mature,894.0,438.0,0.013682277318640955,0.018041024796111707,0.7583980108264043
NSFW,486.0,242.0,0.00743801652892562,0.009967872147623362,0.7461990301208934
Sniper,124.0,62.0,0.0018977655341291704,0.002553752368399374,0.7431282522191613
Heist,139.0,70.0,0.0021273339455157637,0.002883268803031551,0.7378201932747388
Driving,971.0,493.0,0.014860728497092133,0.020306450284207925,0.731823055684387
Education,1503.0,765.0,0.02300275482093664,0.031510009061701955,0.7300142242388231
Turn-Based Strategy,1955.0,997.0,0.029920416284052648,0.041065985666035094,0.7285936474866902
Hentai,680.0,350.0,0.010407101316192225,0.014416344015157756,0.721896016441471
Sequel,127.0,66.0,0.001943679216406489,0.0027185105857154626,0.7149794547866173
Multiplayer,5782.0,3010.0,0.08849097030915212,0.12398055853035671,0.7137487631779386
Sexual Content,1929.0,1009.0,0.029522497704315885,0.04156026031798336,0.7103540131470576
Romance,1423.0,747.0,0.02177838996020814,0.030768597083779554,0.707812250942347
Party-Based RPG,741.0,391.0,0.011340679522497704,0.016105115742647665,0.7041662850312002
Sports,2279.0,1214.0,0.034879093970003064,0.0500041189554329,0.6975244179602426
Solitaire,424.0,226.0,0.0064891337618610346,0.009308839278359009,0.6970937587188593
Hex Grid,319.0,171.0,0.004882154882154882,0.007043413790262789,0.6931517908126095
Superhero,190.0,102.0,0.0029078665442301807,0.00420133454156026,0.6921292545178463
JRPG,1525.0,820.0,0.023339455157636975,0.03377543454979817,0.6910186491672079
Trains,178.0,96.0,0.002724211815120906,0.0039541972155861275,0.688941817161514
Sailing,146.0,79.0,0.002234465870829507,0.0032539747919927507,0.6866881317974528
Boxing,120.0,65.0,0.0018365472910927456,0.00267732103138644,0.6859645405099951
Gambling,149.0,81.0,0.002280379553106826,0.003336353900650795,0.6834945035842903
MOBA,158.0,88.0,0.0024181205999387815,0.00362468078095395,0.6671264991512925
Real-Time with Pause,183.0,102.0,0.0028007346189164372,0.00420133454156026,0.6666297556671889
e-sports,392.0,225.0,0.005999387817569635,0.009267649724029986,0.6473472774886916
VR,3385.0,1949.0,0.05180593816957453,0.08027844138726418,0.645328151298579
Automobile Sim,634.0,366.0,0.00970309152127334,0.01507537688442211,0.6436384042444648
4X,240.0,142.0,0.0036730945821854912,0.005848916714721147,0.6279957061006997
Massively Multiplayer,906.0,539.0,0.01386593204775023,0.022201169783342946,0.6245586238502413
RTS,1044.0,636.0,0.015977961432506887,0.026196556553258095,0.609926018330821
Cold War,156.0,96.0,0.0023875114784205694,0.0039541972155861275,0.6037917049280686
America,364.0,226.0,0.005570860116314661,0.009308839278359009,0.5984484155039262
Tanks,261.0,166.0,0.003994490358126722,0.006837466018617679,0.5842062464734973
Football (Soccer),153.0,99.0,0.0023415977961432507,0.004077765878573194,0.5742354676238973
Chess,114.0,76.0,0.0017447199265381084,0.0031304061290056842,0.557346189164371
Offroad,133.0,89.0,0.0020355065809611263,0.0036658703352829723,0.5552587502536429
FMV,269.0,182.0,0.004116926844199571,0.007496498887882033,0.54917994463449
War,1305.0,885.0,0.01997245179063361,0.03645275558118461,0.5478996435853138
Horses,118.0,81.0,0.0018059381695745332,0.003336353900650795,0.5412909491472904
Military,1002.0,693.0,0.015335169880624427,0.028544361150012357,0.5372399052839825
Historical,1254.0,911.0,0.01919191919191919,0.03752368399373919,0.511461486434044
Wargame,753.0,548.0,0.011524334251606979,0.022571875772304142,0.5105616550374348
Naval Combat,116.0,92.0,0.0017753290480563208,0.0037894389982700387,0.46849389813816694
Naval,160.0,136.0,0.002448729721456994,0.005601779388747014,0.4371342660112713
Grand Strategy,407.0,349.0,0.006228956228956229,0.014375154460828734,0.43331403818509834
Nostalgia,107.0,97.0,0.001637588001224365,0.00399538676991515,0.4098697061208776
Diplomacy,138.0,129.0,0.0021120293847566576,0.005313452508443859,0.39748720467536536
MMORPG,200.0,193.0,0.003060912151821243,0.007949583985501277,0.3850405451912753
World War II,318.0,315.0,0.004866850321395776,0.01297470961364198,0.3751028320725291
Game Development,210.0,215.0,0.0032139577594123047,0.008855754180739764,0.36292309992098576
Design & Illustration,374.0,445.0,0.005723905723905724,0.018329351676414862,0.312280861044906
Remake,171.0,212.0,0.0026170798898071624,0.008732185517752698,0.2997050262487655
Software,260.0,335.0,0.003979185797367615,0.013798500700222423,0.2883781277268387
Cult Classic,108.0,150.0,0.001652892561983471,0.006178433149353324,0.26752617079889807
Classic,453.0,692.0,0.006932966023875115,0.028503171595683333,0.24323489758329486
Animation & Modeling,131.0,323.0,0.002004897459442914,0.013304226048274158,0.15069628644072777
Utilities,244.0,654.0,0.003734312825221916,0.02693796853118049,0.13862637120907903
